review,sentiment,score,language
bekledigimden bÃ¼yÃ¼k geldi amabi sorunu yok,neutral,0.5870210528373718,tr
ÃœrÃ¼n Ã¶zellikleri anlatÄ±ldÄ±ÄŸÄ± gibi problemsiz olarak geldiÄŸi teÅŸekkÃ¼rler,positive,0.8311495780944824,tr
Ã¼rÃ¼n iÅŸe yarar eÅŸit aÄŸÄ±rlÄ±kta fakat sadece benimkimi bilmiyorum uÃ§ kÄ±smÄ±nÄ± tam oturtamamÄ±ÅŸlar hallolur ama iÅŸ gÃ¶rÃ¼r bu fiyata,neutral,0.9304205179214478,tr
"DambÄ±llarÄ±n paketlemesi gÃ¼zeldi. Gelir elmez elime aldÄ±ÄŸÄ±mda biri daha hafif geldi. TartÄ±ÄŸÄ±mda bir Ã¼rÃ¼n 4,5 kg diÄŸeri 5,5 kg geldi. Ben de iade ettim.",negative,0.9725826382637024,tr
Ã§ok teÅŸekkÃ¼r ederiz,positive,0.817733883857727,tr
Paketleme MÃ¼thiÅŸ.ÅÃ¶yle diyim pakete zarar gelse dumballdan Ã¶yle bi saÄŸlamlÄ±k.TartÄ±da tarttÄ±m ikiside tam 5 kilo sorun yok.1GÃ¼nde geldi Ã§ok iyi,positive,0.9954097867012024,tr
GÃ¶rselde gÃ¶rÃ¼ndÃ¼ÄŸÃ¼ gibi,neutral,0.860383927822113,tr
AÄŸÄ±rlÄ±k farkÄ± var. Onun dÄ±ÅŸÄ±nda sorun yok.,neutral,0.95441335439682,tr
AyakkabÄ±nÄ±n tarak kÄ±smÄ± biraz dar. sipariÅŸ verecek olanlar yarÄ±m numara bÃ¼yÃ¼k sipariÅŸ verebilirler...,neutral,0.5630971193313599,tr
Harika bir Ã¼rÃ¼n indirimde denk geldi teÅŸekkÃ¼rler Amazon,positive,0.9854621887207032,tr
GÃ¼zel ayakkabÄ± fakat numarasÄ± uymuyor. 41 aldÄ±m olmadÄ± 42 anca olur. Ä°ade etmek istemiyorum deÄŸiÅŸtirmek istiyorum ama Ã¶yle bÅŸr seÃ§enekte yok galiba. AldÄ±ktan sonra fiyatÄ± deÄŸiÅŸti. Numara deÄŸiÅŸim imkanÄ± olursa hoÅŸ olur.,neutral,0.6455856561660767,tr
Orijinal kesinlikle ama yorumlarÄ± dikkate alÄ±n bir beden bÃ¼yÃ¼k sipariÅŸ verin,neutral,0.5118266940116882,tr
ÃœrÃ¼n kutusu sanki harabeden Ã§Ä±kmÄ±ÅŸ gibiydi yÄ±rtÄ±k pÄ±rtÄ±k hele kutunun Ã¼stÃ¼ tozdan pislikten gÃ¶zÃ¼kmÃ¼yor du... ALLAHDAN FARELER AYAKKABIYI YEMEMÄ°Å. KESÄ°NLÄ°KLE TAVSÄ°YE ETMÄ°YORUM ..,negative,0.9950619339942932,tr
"Ã‡ok rahat bir ayakkabÄ±, normal bedeninizden 1 beden bÃ¼yÃ¼k alÄ±n kalÄ±bÄ± biraz dar",negative,0.9934775829315186,tr
Bu fiyat bandÄ±nda daha kalitelisi olamaz.,positive,0.7596883773803711,tr
En az 1 numara bÃ¼yÃ¼k alÄ±n,negative,0.6998704671859741,tr
"Al di lÃ  del fatto che sono uno sportivo da sempre, devo ammettere che ho una passione sfegatata per le scarpe da ginnastica. Ne compro in continuazione, non riesco a smettere. Ne ho circa 30 paia dei miei marchi prediletti, che non son pochi. Naturalmente, Under Armour figura nella lista ed anche fra le prime posizioni per preferenza. Non sono fra le scarpe piÃ¹ ""tecniche"" ma sono sicuramente fra le piÃ¹ belle e confortevoli che si possano trovare sul mercato.Queste UA Charged Assert 10 sono bellissime e ben studiate. La calzata Ã¨ ottima, la scarpa fascia bene e la suola, secondo me, ha la giusta consistenza per supportare una buona corsa offrendo ammortizzazione e rimbalzo ma senza cedere sotto il peso del passo. Per intenderci, la suola Ã¨ in espanso, non tipo memory: non Ã¨ di quelle che danno la sensazione di camminare sulle uova sode tipo Skechers o come svariate Nike. Quelle ultra-morbide, stile pantofola, van bene per pochi passi, un volo in aereo magari ma non si puÃ² andarci a correre o camminarci sopra per turismo un'intera giornata, non senza poi avere male ai piedi. Per correre ci vuole una suola come quella di queste Under Armour: non rigida ma reattiva e sostenuta e, la tomaia, non puÃ² essere un calzino. Anche quella deve offrire un po' di struttura su tutti i lati. Questa Ã¨ una scarpa studiata da corsa e presenta i giusti contenuti tecnici.Se poi non Ã¨ la prestazione sportiva ad interessarvi e state valutando questa scarpa come sneaker da jeans, beh, secondo me siete comunque nel posto giusto perchÃ© a livello estetico, queste scarpe, non hanno nulla da invidiare ad Adidas, Puma, Nike e compagnia bella.Per quanto riguarda i numeri, posso dirvi che io ho generalmente un 42 e, da sempre, su Under Armour acquisto il 42,5 con successo.Ciao!",positive,0.9977734684944152,it
Muy comodas,positive,0.866936206817627,es
"these trainers are so comfortable, I'm a 9.5 size and they are true to size, great style and very lightweight matterial , only just started wearing them so can't rate durability yet but the build quality for price and I got a bargain at just under Â£50 I have sciatica in my left leg and foot and plantar fasciitis in my right side heel and I thought I'd try this brand as I like there clothing and I'm glad I did as the heels on these trainers are alot softer than my normal Karimoor trainers so it's helping me with walking as I have differeculty. anyhow they are very comfortable and I'm sure il get 2 seasons out of them.",positive,0.9943621158599854,en
Die Ware erfÃ¼llt die Erwartung vollstÃ¤ndig,positive,0.9558886289596558,de
These are really nice shoes.,positive,0.9134661555290222,en
Teslimat hÄ±zÄ± ve paketleme mÃ¼kemmel.ÃœrÃ¼n Ã§ok kullanÄ±ÅŸlÄ±. Boyut ve sÄ±cak tutma Ã¶zelliÄŸi Ã§ok iyi.,positive,0.9907705783843994,tr
Termos gibi dÃ¼ÅŸÃ¼nmeyin sÄ±caklÄ±gÄ± muhafaza etmiyor ama iyi bi mug gibi dÃ¼ÅŸÃ¼nÃ¼n,neutral,0.9426189064979552,tr
Gayet memnun kaldÄ±m.Ä°lk defa 350 cc. aldÄ±m.. ve Ã§ok memnun kaldÄ±m ...GÃ¼nlÃ¼k kullanÄ±mda Ã§ok daha pratik ...,positive,0.9942532181739808,tr
Yorumsuz,neutral,0.5882465839385986,lv
vaat edilen sÄ±cak soÄŸuk tutma sÃ¼relerini karÅŸÄ±lamÄ±yor. kapaÄŸÄ± aÃ§mak kapatmak pratik deÄŸil. gÃ¶rÃ¼ntÃ¼sÃ¼ gÃ¼zel. genel olarak kullanÄ±labilir.,neutral,0.9763656854629515,tr
Genelde ayak numaram 43 fakat Under Armour UA Charged Surge 4 modeli spor ayakkabÄ±da 44 tam oldu. AlÄ±rken gÃ¶z Ã¶nÃ¼nde bulundurmanÄ±zÄ± tavsiye ederim. Amazon.com.tr ye teÅŸekkÃ¼r ediyorum bir gÃ¼n iÃ§inde kargom gayet iyi bir ÅŸekilde elimdeydi. Teslimat sÃ¼resi ve Ã§Ã¶zÃ¼m odaklÄ± personellerine teÅŸekkÃ¼r ederim.,positive,0.9780026078224182,tr
Bu zamana kadar giydiÄŸim en rahat ayakkabÄ±. Bu fiyata bu rahatlÄ±k Ã§ok iyi,positive,0.9973996877670288,tr
AyakkabÄ± gerÃ§ekten Ã§ok rahat. Kaliteli gÃ¶rÃ¼nÃ¼yor. UmarÄ±m uzun Ã¶mÃ¼rlÃ¼ olur. FiyatÄ± muadillerine gÃ¶re uygundu. NumaranÄ±zÄ±n bir bÃ¼yÃ¼ÄŸÃ¼nÃ¼ almanÄ±zÄ± tavsiye ederim. KalÄ±plarÄ± kÃ¼Ã§Ã¼k sanÄ±rÄ±m.,positive,0.974149763584137,tr
Bedenler kÃ¼Ã§Ã¼k tabaÄŸÄ±nÄ± da birazcÄ±k sert,neutral,0.9535714387893676,tr
Normalde 42 beden giyiyorum 43 aldÄ±m tam oldu,negative,0.960241675376892,tr
fiyatÄ±na gÃ¶re Ã§ok iyi gayet ÅŸÄ±k ve rahat,positive,0.9410446882247924,tr
ÃœrÃ¼n tabanÄ± beklediÄŸimden sertti. AyrÄ±ca ayakkabÄ± kalÄ±bÄ± kÃ¼Ã§Ã¼k. Kargolama Ã§ok Ã¶zensiz baÅŸtan savma.,negative,0.5890851616859436,tr
Ayak numaram 42. YorumlarÄ± okuyarak (kalÄ±bÄ±nÄ±n dar olmasÄ±) 1 beden bÃ¼yÃ¼k 43 no aldÄ±m.Yine olmadÄ±. 2 beden kÃ¼Ã§Ã¼k kalÄ±p bir ayakkabÄ±.44 sipariÅŸ ettim tam oldu.,negative,0.9959805011749268,tr
Fantastic quality great value for money,positive,0.9875340461730956,en
My kid says it's alright but annoys the top of his heels aka Achilles tendon area .,negative,0.6903215646743774,en
Ø§Ù†ÙŠÙ‚Ù‡ ÙˆØ¬Ù…ÙŠÙ„Ù‡ ÙˆÙ…Ø±ÙŠØ­Ù‡ ÙˆØ§Ù„ÙˆØ§Ù†Ù‡Ø§ Ù…ØªÙ†Ø§Ø³Ù‚Ù‡ ÙˆØªÙ†Ø§Ø³Ø¨ ÙƒÙ„ Ù„Ø¨Ø³Ø§Ø®Ø°ØªÙ‡Ø§ Ù…Ø¹ Ø®ØµÙ… Ø§Ù„Ø§Ù‡Ù„ÙŠØ¨Ù‡Ø°Ø§ Ø§Ù„ÙØ®Ø§Ù…Ù‡ ÙˆØ¨Ù‡Ø°Ø§ Ø§Ù„Ø³Ø¹Ø± ØªØ¹ØªØ¨Ø± ØµÙŠØ¯Ù‡ ÙˆØ§Ù„Ù„Ù‡Ø§Ù†ØµØ­ÙƒÙ… ÙÙŠÙ‡Ø§ ÙˆØ®Ø°Ùˆ Ù†ÙØ³ Ù…Ù‚Ø§Ø³ÙƒÙ… ..,positive,0.989170491695404,ar
Great trainer for the price. Very light and comfortable for both walking and jogging .,positive,0.995492458343506,en
The shoes were too small so i gave them to my child. The shoes look nice but you have to buy 2 sizes bigger than you would normally buy if you want them to fit,negative,0.5740059018135071,en
KalÄ±plarÄ± dar. TaraklÄ± ayaklariniz varsa 1 numara bÃ¼yÃ¼k alÄ±n. Acayip havalÄ± bir model.,negative,0.9928652048110962,tr
"Nike air270 ayarinda Gayet ÅŸÄ±k ve tam numara standardinda. Piyasadaki malum magazalarda bile 3k nin altinda duzgun bir ayakkabi yok, fiyat performans acisindan gayet basarili bir urun. Adeta ayaginizda yokmus gibi.",positive,0.9974491000175476,tr
Ayakkabi gÃ¼zel ÅŸÄ±k rahat ama her ayaÄŸa uygun deÄŸil. KÃ¼Ã§Ã¼k bi ayaginiz olmasi gerek. Aksi taktirde 1 2 numara Ã¼stÃ¼ almanÄ±z laizm ve baÄŸcÄ±klarÄ±n yanÄ±ndan ayaginiz/Ã§orabiniz gÃ¶zÃ¼kÃ¼yor. Kalin ayaklilar almasÄ±n kesinlikle,neutral,0.6269011497497559,tr
YarÄ±m numara bÃ¼yÃ¼k alÄ±n onun dÄ±ÅŸÄ±nda Ã§ok kaliteli Ã¼rÃ¼n ve hÄ±zlÄ± kargo.,positive,0.5495691299438477,tr
KalÄ±plarÄ± TÃ¼rkiyeâ€™dekilere gÃ¶re 1 beden daha kÃ¼Ã§Ã¼k ona gÃ¶re satÄ±n alabilirler onun dÄ±ÅŸÄ±nda Ã§ok gÃ¼zel,negative,0.9960263967514038,tr
"Ayak numarasÄ± 42.42,5 aldÃ­k tam oldu.GÃ¶rÃ¼ntÃ¼sÃ¼ Ã§ok gÃºzel,tabanÄ± Ã§ok rahat.AyaÄŸÄ± gÃºzel kavrÄ±yor",positive,0.9770103693008424,tr
Her yÃ¶nÃ¼yle Ã§ok harika bir ayakkabÄ± ve Ã§oksa rahat iy sayÄ±yor ayaÄŸÄ±nÄ±zÄ± ve tabanÄ± da Ã§ok rahat.,positive,0.9971287846565248,tr
Ã‡ok sentetik ve nefes alacak bir tarzda deÄŸil. SÄ±cak havada mantar yapma garantisi var.,neutral,0.9624982476234436,tr
ä»Šã¾ã§è²·ã£ãŸã‚¢ãƒ³ãƒ€ãƒ¼ã‚¢ãƒ¼ãƒãƒ¼ã®é´ã®ä¸­ã§1ç•ªãƒ•ã‚£ãƒƒãƒˆã—ã¦å±¥ãã‚„ã™ãæ€ã„ã¾ã—ãŸã€‚ã¤ã¾å…ˆãŒä¸ŠãŒã£ã¦ã‚‹ã®ã§è¶³ãŒé‹ã³ã‚„ã™ã„ã§ã™ã€‚æ±šã‚Œã‚‚ç›®ç«‹ãŸãªã„ã€‚çœŸã£é»’ã§ã¯ãªãã€ã‚¹ãƒˆãƒ©ã‚¤ãƒ—ã«ã‚·ãƒ«ãƒãƒ¼ãŒã¯ã„ã£ã¦ã‚‹ã®ã§ã€è¦‹ãŸç›®ã‚‚é‡ããªã‚‰ãšã€1æ—¥ä»•äº‹ã§å‹•ãå›ã£ã¦ã‚‚è¶³ã®ç–²ã‚Œã¯ç„¡ãã€ç§ã¯ã¨ã¦ã‚‚æº€è¶³ãªä¸€è¶³ã§ã™ã€‚,positive,0.997561812400818,ja
Justo como en la imagen y talla correcta ... se sienten muy ligeros,positive,0.9937783479690552,es
Not original one.,neutral,0.7394835948944092,en
ã‚µã‚¤ã‚ºã¯é€šå¸¸é€šã‚Š è»½ãã¦å±¥ãã‚„ã™ã„,positive,0.8174197673797607,ja
"Se han convertido en un imprescindible en mi rutina del gimnasio, estas zapatillas son muy comodas, flexibles y ligeras y despuÃ©s de varios meses de uso estan como el primer dÃ­a. Una muy buena compra",positive,0.9971669316291808,es
Ã‡ok iyi yaylar Ã¶yle gÄ±cÄ±r gÄ±cÄ±r ses Ã§Ä±karmÄ±yor ÅŸiddeti aÄŸÄ±rlÄ±ÄŸÄ± iyi. Pc baÅŸÄ±nda Ã§alÄ±ÅŸan biri olarak gÃ¼n iÃ§inde kullanÄ±yorum.,positive,0.9476854205131532,tr
mÃ¼kemmel bir fiyat/performans,positive,0.9215755462646484,tr
Fiyat performans Ã¼rÃ¼nÃ¼ iÅŸinizi Ã§ok iyi gÃ¶rÃ¼r fakat iÃ§inde ki sayacÄ± biraz yamuk ki ÅŸaÅŸÄ±rmadÄ±m en azÄ±ndan gÃ¶rebiliyorum yani aÅŸÄ±rÄ± yamuk deÄŸil eÄŸer maksimum 60 kg lik bir ÅŸey istiyorsanÄ±z bu zaten hayli hayli yeterli olur.,neutral,0.5313498973846436,tr
"Ofiste her gÃ¼n 100er tane yapÄ±yorum, kaslarÄ±n aÄŸrÄ±masÄ±ndan iÅŸe yaradÄ±ÄŸÄ± belli oluyor. BoÅŸ durmaktan iyidir.",positive,0.9918445944786072,tr
FotoÄŸrafta gÃ¶rdÃ¼ÄŸÃ¼m Ã¼rÃ¼nÃ¼n ve bilgilendirmenin tam karÅŸÄ±lÄ±ÄŸÄ±..Uzun zamandÄ±r online alÄ±ÅŸveriÅŸte bÃ¶yle bir ÅŸey yaÅŸamadÄ±ÄŸÄ±m iÃ§in extra memnun oldum ..TeÅŸekkÃ¼rler,positive,0.996183454990387,tr
"kullanmÄ± Ã§ok sert Ã¼rÃ¼nÃ¼n iki bacaÄŸÄ± dengeli deÄŸil yamuk ÅŸekilde, sÄ±kmaya baÅŸladÄ±ÄŸÄ±nÄ±zda eliniz aÄŸrÄ±yor.",negative,0.9153240323066713,tr
Ä°ÅŸ gÃ¶rÃ¼r gibi ancak gÃ¶rseldekinden farklÄ± Ã§ok kaliteli durmuyor kullanÄ±p tekrardan yorum yaparÄ±m,neutral,0.902460753917694,tr
Bu fiyata bu kalitede bir irin beklemiyordum aÃ§Ä±kÃ§asÄ±. Kargo sÃ¼reci de Ã§ok hÄ±zlÄ±ydÄ±. TeÅŸekkÃ¼rler.,positive,0.969719171524048,tr
"Das Produkt ist soweit gut verarbeitet und wirkt auch stabil. Der Widerstand lÃ¤sst sich gut regulieren und individuell anpassen. Das ZÃ¤hlwerk ist ein nettes Gimmick, das bei mir auch gut funktioniert. FÃ¼r meine mittelgroÃŸen HÃ¤nde passt es perfekt.Insbesondere fÃ¼r einen Preis von unter 10â‚¬ kann man hier also nicht meckern, ich bin sehr zufrieden.",positive,0.9955376386642456,de
"Medya yÃ¼klenemedi. La entrega fue muy buena y llegÃ³ a tiempo. El producto me sorprendiÃ³ en cuanto lo abrÃ­, era mÃ¡s de lo que esperaba. Perfecto para calentar y ejercitar antebrazos. Puedes ajustar la dificultad. Hasta tiene un contador para saber las repeticiones que vas haciendo. Lo volverÃ­a a comprar.",positive,0.9893296360969543,es
One thing I noted about this handgrip strengthening machine I would say is a completely amazing gadget so little thing to have that can actually strengthen your forearms and also your wrist movement as well and I found out that the reason being is because well you can actually change the settings of weight and it's very very accurate I would say I personally feel like he could do a little work with the grip because it does feel a bit tight and it's hard to grip on for too long but however the fact that it's got the clicking thing at the bottom as well to help you actually time it is fantastic and get yourself one of these very useful specially if you have one in each hand because then you're training both hands equally and that's why it's important to have a balanced hand section. overall things are fantastic product and I definitely recommend it for the price.,positive,0.9961283206939696,en
Super pratique,positive,0.896644115447998,fr
"Ãˆ un attrezzo piÃ¹ da tempo libero che da palestra. Un ottimo esercizio che, a regolazione leggera, funge da antistress. Facile da regolare, il materiale delle rotelline non Ã¨ il massimo, plastichetta fragile.. a meno che non cada o non subisca urti, non dovrebbero esserci problemi. La tensione della molla arriva a kg importanti perciÃ², chi lo desidera, puÃ² cimentarsi in un esercizio piÃ¹ impegnativo. PuÃ² essere utile per una sana riabilitazione e il recupero di mobilitÃ  di chi ha intorpidimento delle mani. Lo scatto del conta-strette non Ã¨ silenzioso, non usatelo in biblioteca ;)",positive,0.9890331029891968,it
Ã§ok beÄŸendim Ã§ocuÄŸum da bayÄ±ldÄ±,positive,0.8821394443511963,tr
"Gayet baÅŸarÄ±lÄ±, sabah 9 gibi koyduÄŸum kaynardan soÄŸuk kahve akÅŸam 6 gibi hala Ä±lÄ±k ÅŸekilde duruyordu.",positive,0.990741491317749,tr
Bu Ã¼rÃ¼n kaliteli ve Ã§ok uzun sÃ¼re kullanabilirsiniz. Tavsiye ederim. Paketleme kusursuzdu,positive,0.97300523519516,tr
"Kutuda posetin icinde teslim edildi, Termos Ã§ok guzel ancak yedek kapaklar kutudan Ã§Ä±kmadÄ±..",neutral,0.7338651418685913,tr
GÃ¼zel suluk. SaÄŸlam.,neutral,0.7861482501029968,tr
"Daha Ã¶nce amazondan 5 adet stanley marka matara aldÄ±m ama hiÃ§ bu kadar Ã¶zensiz gelmedi. StreÃ§ filme sarÄ±lÄ± halde geldi, orijinal kutusu bile yoktu ayrÄ±ca deÄŸiÅŸtirebilir metal kapak Ã¼zerinde duran plastik gelmedi metal kapak sÃ¼rekli dÃ¼ÅŸÃ¼yor",negative,0.9912029504776,tr
Ã‡ocuÄŸum iÃ§in aldÄ±m. Ãœzerinde ufak bir Ã§izik vardÄ±. Ä°ade ile uÄŸraÅŸacak vaktim olmadÄ±ÄŸÄ± iÃ§in kullanÄ±yorum.,negative,0.859495997428894,tr
3 Ã§eÅŸit deÄŸiÅŸtirilebilir kapak var yazÄ±yor fakat 2 adet geldi. ÃœrÃ¼n Ã§ok gÃ¼zel,neutral,0.7763044834136963,tr
En la reseÃ±a menciona que trae 3 track badges (insignias) intercambiables y solo traÃ­a una y ademÃ¡s un poco raspada. Mencionar que no llegÃ³ en la fecha que mencionaron originalmente. En tÃ©rminos generales se ve bien pero da la impresiÃ³n que ya habÃ­a sido abierto previamente.,neutral,0.9294337630271912,es
"Es un termo de calidad que mantiene perfectamente la temperatura de lÃ­quidos frÃ­os y calientes, con capacidad para 500 ml. Su pintura, color y acabados son muy bonitos y aguantadores. Es fÃ¡cil de manejar incluso con una mano y cabe en cualquier espacio de portavasos en un coche. La tapa tiene un seguro para bloquear su apertura. Una vez abierta la tapa, por dentro hay un boton que puedes recorrer para definir la cantidad de lÃ­quidos que saldrÃ¡.",positive,0.9970518350601196,es
"Flip top, perfect size, good flow, handle and really good quality. It's a Stanley so expect the best! The size is a little skinnier than the description says, it's about 2.75"" round which is easier to hold for small hands. I cannot find a silicone boot to fit so will just be careful and try not to drop. I don't see why this is marketed to kids, it works great for an adult.",positive,0.993620216846466,en
I ordered 3 of these for my kids for school. All 3 broke within 2 months. The cap on top breaks very easily and does not stand up to use by kids. For an adult it would be fine as long as you aren't clumsy and never drop it. I did reach out to Stanley and they would not replace them.,negative,0.943483829498291,en
Nice bottle. Easy to drink from. Doesnâ€™t leak.This is the second one Iâ€™ve gotten of this style.Neither of them had the little disk to change out the tops. I looked all through the packaging. My daughter would have had fun with that feature.,positive,0.7102938294410706,en
KullanÄ±slÄ± ve saÄŸlÄ±klÄ±,neutral,0.9103612303733826,tr
"Motorsiklet iÃ§in aldÄ±m, boyutlarÄ± mÃ¼kemmel ve kurulumu Ã§ok basit. Hem ayaklarÄ± hem Ã¼stÃ¼nde katlanabilir alÃ¼minyum kÄ±sÄ±m Ã§ok saÄŸlam gÃ¶zÃ¼kÃ¼yor.",positive,0.9945265650749208,tr
Ä°s gÃ¶rÃ¼r.,neutral,0.996807873249054,tr
malzeme kalitesi olarak resimdeki kadar kaliteli deÄŸil. ama pratik bi Ã¼rÃ¼n. iÅŸ gÃ¶rÃ¼r,neutral,0.93405419588089,tr
Gayet gÃ¼zel yeterli 2 kiÅŸiye Ã§ok rahat yeter,positive,0.7641086578369141,tr
Ã–nemli; Kurulum yaparken dÃ¼z bir zemin Ã¼zerine Ã¼st kÄ±smÄ± koyarsanÄ±z (Ã¼rÃ¼n videosunda olduÄŸu gibi) Ã§ok basit bir sekilde kurulumu yapabilirsiniz. Malzeme kalitesi bu tarz Ã¼rÃ¼nlerde hemen hemen aynÄ±dÄ±r fiyat performans a gÃ¶re gayet makul bir Ã¼rÃ¼ndÃ¼r. Benim iÃ§in en Ã¶nemli unsur doÄŸada kullandÄ±ÄŸÄ±m iÃ§in aÄŸÄ±rlÄ±k ve taÅŸÄ±masÄ± bu yÃ¶nden tatmin edici bir Ã¼rÃ¼ndÃ¼r.,positive,0.729154646396637,tr
Ä°dare eder bence,neutral,0.9231861233711244,da
Ok,neutral,0.8817932605743408,af
Non regge molto il peso,neutral,0.9411469101905824,it
kÃ¶nnte etwas stabiler sein,neutral,0.9065240025520324,de
MuhteÅŸem Ã¼rÃ¼n,positive,0.5596207976341248,tr
"f/p Ã¼rÃ¼n. top ÅŸiÅŸirmek iÃ§in ideÃ¢l. bisiklet lastiÄŸi iÃ§in denemedim ancak ÅŸiÅŸireceÄŸini sanmÄ±yorum, Ã¼rÃ¼n kÃ¼Ã§Ã¼k Ã§Ã¼nkÃ¼, bi karÄ±ÅŸ kadar",neutral,0.9559463262557985,tr
ÃœrÃ¼n elime saÄŸlam ulaÅŸtÄ±. ÃœrÃ¼nÃ¼n boyu yaklaÅŸÄ±k bir karÄ±ÅŸ. (20 cm) Ben daha bÃ¼yÃ¼k bekliyordum. Ancak Ã§alÄ±ÅŸÄ±yor ve biraz yavaÅŸ da olsa topu ÅŸiÅŸiriyor. YanÄ±nda 4 ayrÄ± uÃ§ gÃ¶ndermiÅŸler. UÃ§larÄ±n bile bir maliyeti olduÄŸunu dÃ¼ÅŸÃ¼nÃ¼rsek fiyat/performans Ã¼rÃ¼nÃ¼. Top ÅŸiÅŸirmek iÃ§in araba pompasÄ±nÄ± baÄŸlamak zorunda kalmayacaÄŸÄ±m artÄ±k. KÃ¼Ã§Ã¼k olmasÄ± bir yÃ¶nden de iyi. spor Ã§antasÄ±na atÄ±p yanÄ±nÄ±zda gezdirebilirsiniz.,positive,0.9632715582847596,tr
KÄ±rÄ±k geldi Ã§Ã¶pe attÄ±m.,negative,0.9672117233276368,tr
saglam gÃ¼zel,neutral,0.8460379838943481,tr
"Ã‡ocuÄŸun bisikleti iÃ§in aldÄ±m, ÅŸiÅŸirmiyor. Top iÃ§in iyi.",neutral,0.8369702696800232,tr
Ev iÃ§in yeterli,neutral,0.9322854280471802,tr
"Harika gÃ¼zel voleybol, basketbol, futbol toplarÄ±mÄ± bununla ÅŸiÅŸirdim",positive,0.9808201789855956,tr
Termos tek kelimeyle harika Ã§ayÄ± aynÄ± Ä±sÄ± da 12 saat tutuyor iÃ§ilebilir sÄ±cak tutuÅŸu 24 saat soÄŸuÄŸu zaten 48 saat isitmiyor Ã§ok memnunum ve birde 700 ml alacagim,positive,0.9966498017311096,tr
ÃœrÃ¼n Ã§ok iyi de amazona bayÄ±lÄ±yorum 1 gÃ¼nde teslim etti trendyol halt yesin gerÃ§ekten,positive,0.9874694347381592,tr
Stanly termos hiÃ§ ÅŸaÅŸmadÄ±m anlatÄ±lmaz yaÅŸanÄ±r dedikleri bu olsa gerek ayrÄ±ca Ã¼rÃ¼nlerin serileri ile ilgili bir problem yaÅŸandÄ±ÄŸÄ± durumda Ã¼rÃ¼nlerini tamamÄ±yla geri Ã§eken bir firma gÃ¼venle satÄ±n alabilirsiniz,positive,0.981775403022766,tr
Uygun fiyata aldÄ±m orijinal Ã¼rÃ¼n hÄ±zlÄ± gÃ¶nderim kaliteli ambalaj.,positive,0.8812509179115295,tr
"BahÃ§ede, piknikte, yolculukta, plajda ihtiyacÄ±nÄ±z olan her yerde soÄŸuk veya sÄ±cak su ihtiyacÄ±nÄ± muhteÅŸem karÅŸÄ±lÄ±yor. Net olarak sÃ¶ylÃ¼yorum. Belki 2 katÄ± para veriyor olabilirsiniz ama yÄ±llarca kullanacaÄŸÄ±nÄ±z bir Ã¼rÃ¼n alÄ±yorsunuz. KaynamÄ±ÅŸ sÄ±cak suyu 2 gÃ¼n boyumca ara sÄ±ra aÃ§Ä±p kullanmamÄ±za raÄŸmen sÄ±cak tutuyor. 2 gÃ¼n sonunda cam bardak hala tutulamayacak kadar sÄ±cak oluyor.",positive,0.9977648258209229,tr
GÃ¼zel Ã¼rÃ¼n,neutral,0.8943600654602051,tr
"Merhaba 1 mart 2023 de aldÄ±ÄŸÄ±m Ã¼rÃ¼n herhangi dÃ¼ÅŸÃ¼rme , Ã§arpma gibi durumlar olmadÄ±ÄŸÄ± halde bu seyehatimizde (bodrum-izmir 3,5 saatlik) Ã§ay buz gibi oldu daha Ã¶nce 48 saat dayandÄ±ÄŸÄ±nÄ± biliyorum nasÄ±l yardÄ±mcÄ± olabilirsiniz teÅŸekkÃ¼rler",negative,0.5051688551902771,tr
ÃœrÃ¼nden Ã§ok memnunum,positive,0.7092161178588867,tr
"Po 50h 60 stopni, po 3 dobach 50. To jest termos.",neutral,0.537301242351532,cs
"i tried it on UAE weather and its perfect for it , the ice stays ice for 3 day in a hot weather on car , i surprised,, and about hot water it stay hot after put it inside it and put the flask inside the freezer for 2 days",positive,0.9874926805496216,en
Excellent je regrette pas mon achat,positive,0.9663283824920654,fr
Ù…Ù…ØªØ§Ø²Ø© ÙˆØ­Ø¬Ù…Ù‡Ø§ Ù…Ù†Ø§Ø³Ø¨ Ø¬Ø¯Ø§Ù‹,positive,0.9949066042900084,ar
"Me encanta este producto por la larga duraciÃ³n que mantiene la temperatura de las bebidas, tanto frÃ­as como calientes!",positive,0.992444097995758,es
Vaktinden Ã¶nce teslim edildi.,neutral,0.5880753993988037,tr
ğŸ‘,neutral,0.6092842817306519,unknown
Kutu biraz fazla ezik geldi ama sorun yok gibi gÃ¶rÃ¼nÃ¼yor. Ama her zaman akÄ±ntÄ± yapmadan teslim edilecek anlamÄ±na gelmez. Ã–nlem alÄ±nmalÄ±,neutral,0.9129427075386048,tr
Zippo tercihimde benzini hep tercih ettiÄŸim adres. Kaliteli ve kesinlikle aÄŸzÄ±na kadar dolu. BaÅŸka yerlerden aldÄ±ÄŸÄ±mda yarÄ±sÄ±na kadar dolu olarak geldiÄŸi bile olmuÅŸtu. O yÃ¼zden teÅŸekkÃ¼rler. ParasÄ±nÄ±n hakkÄ±nÄ± veriyor.,positive,0.9977317452430724,tr
ÃœrÃ¼n elime geÃ§ti sorunsuz problemsiz herkese teÅŸekkÃ¼r ederim,positive,0.9006125330924988,tr
Paketlemesinin Ã§ok kÃ¶tÃ¼ yapÄ±lmasÄ± beni ÅŸÃ¼phelendirdi ancak orjinal kutusunda geldiÄŸini dÃ¼ÅŸÃ¼nÃ¼yorum. SanÄ±rÄ±m satÄ±cÄ±larla amiral battÄ± oynuyoruz :),positive,0.872205376625061,tr
Gayet temiz sorunsuz,positive,0.6131594181060791,tr
Uzun yÄ±llardir Zippo kullanÄ±rÄ±mAma bu aldÄ±ÄŸÄ±m benzin gerÃ§ekten Ã§ok iyi Ã§Ä±ktÄ±Daha Ã¶nce aldÄ±klarÄ±m bunun kadar iyi deÄŸildiBelkide Ã¶ncekiler orjinal degildi,positive,0.9962092638015748,tr
perfetto per zippo,positive,0.9495381116867064,it
.,neutral,0.9784818291664124,unknown
excellent clean burning and large flame from my zippo. also it's a real great BBQ starter ;),positive,0.978470742702484,en
"A part l'ouverture du flacon qui est, je trouve, pas pratique du tout, ben fait le job comme toujours.",neutral,0.945362389087677,fr
å•†å“ã®è³ªã«é–¢ã—ã¦ã¯ä»Šã•ã‚‰ç‰¹ã«è¿°ã¹ã‚‹ã“ã¨ã‚‚ãªãã„ã„ã‚‚ã®ã§ã™ã€‚ã—ã‹ã—ç‰¹ã«ã“ã ã‚ã‚ŠãŒãªã„ã‚ˆã†ã§ã‚ã‚Œã°ç™¾å‡ã§ä»£æ›¿å“ã‚’è³¼å…¥ã™ã‚‹ã»ã†ãŒçµŒæ¸ˆçš„ã§ã—ã‚‡ã†ã€‚ç§ã¯è³¼å…¥å¾Œã«ãã®å­˜åœ¨ã‚’çŸ¥ã£ãŸãŸã‚ä»•æ–¹ãªã„ã§ã™ãŒã€æ¬¡ã‹ã‚‰ã¯ãã†ã—ã¾ã™ã€‚,neutral,0.924335479736328,ja
Mangal yakmayÄ± Ã§ok kolaylaÅŸtÄ±rÄ±yor.,positive,0.749283492565155,tr
TutuÅŸturma bacasÄ± iÃ§in mangal yakmayÄ± Ã§ileden zevke dÃ¶nÃ¼ÅŸtÃ¼ren harika doÄŸal olduÄŸuna inandÄ±ÄŸÄ±m Ã¼rÃ¼n.,positive,0.9972646236419678,tr
Super yaniyor ve super hizli geldi.,positive,0.9498862624168396,tr
ÃœrÃ¼n performansÄ± iyi. Uzun zaman yanÄ±p gerekli tutuÅŸturmayÄ± saÄŸlÄ±yor.,positive,0.626507043838501,tr
"mÃ¼thiÅŸ birÅŸey. soba, ÅŸÃ¶mine, mangal, 2 saniyede yak, unut. biraz pahalÄ± ama deÄŸiyor",positive,0.9958727955818176,tr
AteÅŸ yakmak Ã§ok kolaylaÅŸtÄ± Ã§Ä±radan daha iyi,positive,0.8897523880004883,tr
BaÅŸarÄ±lÄ± bÃ¼yÃ¼k kolaylÄ±k,positive,0.8772088885307312,tr
"Mangal yakmak iÃ§in yok gazete kaÄŸÄ±dÄ±, yok karton, yok piknik tÃ¼pÃ¼ Ã¼zerinde pÃ¼rmÃ¼z... neler denedik. Her denemede ortalÄ±k kÃ¼l oldu, ya da hÄ±zlÄ± yaktÄ±ÄŸÄ±mÄ±z iÃ§in kÃ¶mÃ¼rÃ¼ heder ettik. TutuÅŸturma bacasÄ±nÄ± dolduruyor ve altÄ±na iki Ã¼Ã§ kÃ¼Ã§Ã¼k tahta parÃ§asÄ± yanÄ±nda bir tane Bonga atÄ±yorum artÄ±k. Bunca yÄ±l boÅŸuna inat etmiÅŸ ve kendisine bir ÅŸans vermemiÅŸim. Neyse Ã¶nÃ¼mÃ¼zdeki mangallara bakacaÄŸÄ±z artÄ±k.",neutral,0.8481013774871826,tr
"Ã‡orbadan, pilava, makarnadan, ete ,Ã§aydan , kahveye hepsini denedim memun kaldÄ±m. Kamp malzemeleri kullanmayan kiÅŸiler iÃ§in kaÅŸÄ±k kullanÄ±mÄ± ve direk kaptan yemek zor olabilir. Zamanla alÄ±ÅŸÄ±rsÄ±nÄ±z.",neutral,0.9489416480064392,tr
"KullanÄ±ÅŸlÄ±, tek Ã§eÅŸit yemek iÃ§in ideal, salata vs iÃ§in alacaksanÄ±z 1 boy bÃ¼yÃ¼ÄŸÃ¼nÃ¼ alabilirsiniz stanley Ã¼rÃ¼nlerini anlatmaya gerek yok",positive,0.9705669283866882,tr
Ã‡ok iyi,neutral,0.671784520149231,tr
Gayet sÄ±cak tutuyor memnun kaldÄ±m rengide Ã§ok gÃ¼zel,positive,0.8823450803756714,tr
GÃ¼zel Ã¼rÃ¼n 5 saat iÅŸinizi gÃ¶rÃ¼r stanley kalitesi tartÄ±ÅŸÄ±lmaz,positive,0.7350497841835022,tr
Harikaaaa,neutral,0.7060135006904602,so
"Tam bir Ã§orbalÄ±k termos. Ä°ÅŸini fazlasÄ±yla yapÄ±yor, sÄ±cacÄ±k tutuyor. IsÄ± kaybÄ± minimum seviyede.",positive,0.9916244149208068,tr
gÃ¼zel Ã¼rÃ¼n. kÄ±zÄ±m bayÄ±ldÄ±,positive,0.6108821630477905,tr
"These are probably the best food containers we have. They keep food warmer than others. Food is still a good temperature by the time my child eats lunch at school. It holds more than others too, but fits perfectly in a lunch bag. We love the convenience of the included spork with holder. We have been using this for months and have never had a leak, even when it is turned on its side and full of soup. We also love that itâ€™s easy to clean in the dishwasher. Worth paying a little more for the quality!",positive,0.9958350658416748,en
"Leak proof, holds temperature well, and is a nice size for the hot part of my traveling meal.",positive,0.9596717953681946,en
"My hot lunch was just almost as hot when I ate it while on jury duty, as when I packed it 5 hours earlier!!",negative,0.7336429953575134,en
"THIS DOES NOT LEAK!!!I canâ€™t even tell you how many little lunch box soup thermosâ€™ I have bought because my daughter wants to have ramen at school. And they all leaked! So I finally bought the coveted Stanley brand, and in this instance at least: itâ€™s worth the hype. No leaks AND I can put the whole thing in the dishwasher! Yesssss!!!",positive,0.8240299820899963,en
"The item states it should stay warm for 7 hours. I packed my sons lunch in it two time (following all the directions to prepare the thermos to hold the heat) and when his daycare teacher opens it 3 hours later it is not even lukewarm. So I tested it at home, and I tried it 2 hours later and it was barely even warm. I redid the process and tried it 3 hours later and as they stated it was not even remotely warm. This is unsafe because the food gets into the temperature range where bacteria can grow rapidly. My son is 13 months old (1year) and a food-born Illness could be extremely dangerous. Amazon wonâ€™t offer support with the return and Stanley makes it impossible to contact them for a return. DONT ORDER!",negative,0.9839173555374146,en
"Okul Ã§antasÄ± olarak oÄŸluma aldÄ±m.Cok gÃ¼zel gerÃ§ekten, geniÅŸ hacimli, sÄ±rt koruma ve omuz koruma detaylarÄ± Ã§ok iyi.Fiyat kalite performansÄ± harika.",positive,0.9947168231010436,tr
ÃœrÃ¼n kaliteli bÃ¼yÃ¼klÃ¼ÄŸÃ¼ spor iÃ§in yeterli. Ã–n kÃ¼Ã§Ã¼k cep ve laptop cebi Ã§izilmeyi Ã¶nlemek iÃ§in Ã¶zel kumaÅŸla kaplanmÄ±ÅŸ.,negative,0.9903468489646912,tr
Cok guzel bolmeleri ve alt kismi cok kaliteli.,positive,0.9627872109413148,tr
"Nice bag. Our daughter is happy with it for school, seems to be well made and hopefully durable,",positive,0.985981822013855,en
Was etwas zu klein fÃ¼r die Schulsachen,neutral,0.7478564381599426,de
"My son purchased this before college and it is a perfect size. Lots of great compartments for water bottle, airpods, and phone along with laptop. Underarmour is durable and stylish. He loves it!",positive,0.9969239830970764,en
Great quality,positive,0.9530319571495056,ca
I got this book bag for my 5th grader. He is very active so his book bags donâ€™t always hold up. This backpack is great! It holds all of his things and the best part it the amazingly sturdy water bottle pockets on the sides.,positive,0.9956402778625488,en
KalÄ±p Ã§ok dar ama Ã¼rÃ¼n gÃ¼zel.,negative,0.7018873691558838,tr
Harika bir beden bÃ¼yÃ¼k alÄ±n,negative,0.9296984672546388,tr
Bir numara bÃ¼yÃ¼k alÄ±n tam denk geliyor,positive,0.9476195573806764,tr
"ÃœrÃ¼n kaliteli ama KalÄ±bÄ± Ã§ok dar. 38 numara 24 cm yazÄ±yor ama deÄŸil,Ã§ok kÃ¼Ã§Ã¼k geldi,iade maalesef.",negative,0.9402605891227722,tr
Ã‡ok hÄ±zlÄ± bi ÅŸekilde elime ulaÅŸtÄ± rahat ayakabÄ± ama 1 beden bÃ¼yÃ¼k alÄ±n,negative,0.880170464515686,tr
ÃœrÃ¼n kutusu sanki harabeden Ã§Ä±kmÄ±ÅŸ gibiydi yÄ±rtÄ±k pÄ±rtÄ±k hele kutunun Ã¼stÃ¼ tozdan pislikten gÃ¶zÃ¼kmÃ¼yor du... ALLAHDAN FARELER AYAKKABIYI YEMEMÄ°Å. KESÄ°NLÄ°KLE TAVSÄ°YE ETMÄ°YORUM ..,negative,0.9950619339942932,tr
Rahat bir AyakkabÄ±,neutral,0.8646805882453918,tr
"Ä°lk 37 beden giydiÄŸim 37,5 numarasÄ±nÄ± aldÄ±m dar geldi, ama ayakkabÄ± sÄ±fÄ±rdÄ± yani ilk aÃ§an bendim. Ä°ade edip 38 beden sipariÅŸ ettim. Az Ã¶nce teslim aldÄ±m paketi daha aÃ§arken hayal kÄ±rÄ±klÄ±ÄŸÄ± baÅŸladÄ±. AyakkabÄ±nÄ±n kendi kutusu toz iÃ§indeydi. Tamam sorun deÄŸil dedim. Ä°Ã§ini aÃ§Ä±nca iseâ€¦ AyakkabÄ± ya maÄŸazadan teÅŸhir Ã¼rÃ¼nÃ¼ yada iade Ã¼rÃ¼n. Sorun ÅŸu ki, ayakkabÄ±lar kutuya geliÅŸi gÃ¼zel konmuÅŸ, baÄŸcÄ±klar aÃ§Ä±kta, iÃ§indeki dolgu kaÄŸÄ±tlar yÄ±rtÄ±k ve uzunca bir saÃ§ teliâ€¦ ilk defa yaÅŸadÄ±ÄŸÄ±m bu sorun gerÃ§ekten hayal kÄ±rÄ±klÄ±ÄŸÄ± yarattÄ±. Ä°ADE!",negative,0.9957388639450072,tr
Cumple con las expectativas.Muy cÃ³modas.Tallan muy justo ( posible medio nÃºmero mÃ¡s).,positive,0.9875659346580504,es
"Perfect fit, light, color matched daughter high school colors. She is picky about shoes and she loved them. Supportive for running, she is a double athlete and can use them for practice in either sport.",positive,0.9929912090301514,en
Ø§Ø­Ø¨ Ù‡Ø°Ù‡ Ø§Ù„Ù…Ø§Ø±ÙƒÙ‡,positive,0.9822408556938172,ar
Les baskets sont trÃ¨s belles malheureusement ce n'est pas ma pointure j'ai commandÃ© 1 pointure 38 et j'ai reÃ§u pointure 41.Je souhaite retourner l'article et recevoir une paire de baskets en 38.,neutral,0.6252254247665405,fr
No pesan nada y son muy bonitas. QuizÃ¡s para personas con mucho peso no es lo ideal.,neutral,0.8800767064094543,es
MÃ¼thiÅŸ,positive,0.7942280173301697,tr
ÃœrÃ¼n orijinal ve kullanÄ±ÅŸlÄ±,neutral,0.8771781325340271,tr
ÃœrÃ¼n Ã§ok gÃ¼zel ancak ilk defa bu kadar kÃ¶tÃ¼ paketleme gÃ¶rÃ¼yorum.,neutral,0.6373394131660461,tr
Not even packed properly and has scratches. Disappointing since i bought this here in Stanley page,neutral,0.5371295809745789,en
"Ã§ok iyi ayakkabÄ±, heleki taraklÄ± ayaÄŸÄ± olanlar iÃ§in ideal, geniÅŸ Ã¶nlÃ¼.indirimde alÄ±ndÄ±.fiyatlar Ã§ok yÃ¼ksek yoksa.",positive,0.9858879446983336,tr
"Under Armour Ua Charged Surge 4 koÅŸu ayakkabÄ±sÄ±, hafif yapÄ±sÄ± ve gÃ¼Ã§lÃ¼ destek saÄŸlayan tasarÄ±mÄ±yla Ã¶ne Ã§Ä±kÄ±yor. AyaklarÄ± rahatÃ§a sararak uzun koÅŸularda bile konfor sunuyor. Charged Cushioning teknolojisi, darbeleri etkili bir ÅŸekilde emerek daha yumuÅŸak bir koÅŸu deneyimi saÄŸlÄ±yor. ÅÄ±k ve modern tasarÄ±mÄ±yla hem performans hem de estetik aÃ§Ä±dan tatmin edici bir seÃ§enek.",positive,0.997361958026886,tr
"FotoÄŸraftaki Ã¼rÃ¼n mat gayet ÅŸÄ±k gÃ¶rÃ¼nÃ¼yor ama gelen Ã¼rÃ¼n pas pas parlÄ±yor Ã§ok kÃ¶tÃ¼ hoÅŸuma gitmedi. Benim gibi ayaÄŸÄ± penÃ§eli olanlar 2 numara bÃ¼yÃ¼k almalÄ± .42 giyiyorum normalde, yorumlara bakarak 43 aldÄ±m ama dar oldu. Ä°ade edeceÄŸim.",negative,0.985784351825714,tr
kalitesi ve rahatlÄ±ÄŸÄ± Ã§ok iyi bir tane daha sipariÅŸ ettim,positive,0.9300426244735718,tr
ÃœrÃ¼n gayet gÃ¼zel salam kulanÄ±ÅŸlÄ± kargoda salam gelmiÅŸ teÅŸekÃ¼rler,positive,0.8518643975257874,tr
AyakkabÄ±nÄ±n saÄŸ ve sol numaralarÄ± birbirinden farklÄ± geldi ben ilk teslim aldÄ±ÄŸÄ±ndan ikisinde de 43 yazÄ±nca durumu idrak etmem kullandÄ±ÄŸÄ±m ilk gÃ¼nÃ¼n sonunda sol ayaÄŸÄ±mda oluÅŸan baskÄ± ve aÄŸrÄ±dan anladÄ±m ve gÃ¼n sonuna kadar ayaÄŸÄ±mda bir problem olduÄŸunu dÃ¼ÅŸÃ¼ndÃ¼m iade talebi oluÅŸturdum ama amacÄ±m iade edip paramÄ± almak deÄŸil aksine doÄŸru numaralarla yeniden gÃ¶nderilsin Ã§Ã¼nkÃ¼ ayakkabÄ± gÃ¶rÃ¼nÃ¼ÅŸ ve rahatlÄ±k itibari ile fena deÄŸil,neutral,0.852006733417511,tr
"Merhaba,ÃœrÃ¼n gÃ¶rÃ¼ndÃ¼ÄŸÃ¼ gibi gÃ¼zel, hafif ve rahat, 1 numara bÃ¼yÃ¼k alÄ±nmalÄ± kalÄ±bÄ± dar.",negative,0.9891892671585084,tr
41 ayaÄŸÄ±m. 42.5 aldÄ±m tam oldu.BÃ¼yÃ¼k alÄ±n.,positive,0.7071330547332764,tr
"FÃ¥tt fel skostorlek 2 gÃ¥nger i rad, bestÃ¤llde storlek 42 men fick 40.5 bÃ¥da gÃ¥ngerna",negative,0.8234915137290955,sv
"Son un poco mÃ¡s estrechas por la parte de los dedos respecto al modelo anterior (ver imagen).No obstante, andando unos kilÃ³metros dan de sÃ­ y se tornan mÃ¡s cÃ³modas y ajustadas. Las utilizo para caminar unos 4-5km diarios y para el dÃ­a a dÃ­a y van geniales.PROSğŸŸ¢Muy cÃ³modas. Sujetan muy bien el pie.ğŸŸ¢Buena adherencia de la suela en todo tipo de terrenos.ğŸŸ¢La suela parece bastante duradera debido al refuerzo que lleva.ğŸŸ¢ Son ligeras o al menos es la sensaciÃ³n que transmiten.ğŸŸ¢Son altamente transpirables, ideales para climas cÃ¡lidos. Sin embargo, en invierno o temperaturas muy bajas, dejan sentir el frÃ­oCONTRASğŸ”´No lleva refuerzo en la puntera como el modelo anterior (ver imagen). Espero que no se acaben perforando.ğŸ”´Uno de los ojales venÃ­a despegado, pero lo solucionÃ© fÃ¡cilmente apretÃ¡ndolo con unos alicates, sin mayores inconvenientes.ğŸ”´Para mi gusto, los cordones son excesivamente largos.CONCLUSIÃ“Nâš«Las recomiendo sin dudarlo para el uso diario o para caminar, especialmente si las consigues por menos de 40â‚¬. Con el modelo anterior recorrÃ­ muchos kilÃ³metros, y su durabilidad fue excelente. Sin embargo, para correr, elegirÃ­a un modelo con mejor amortiguaciÃ³n.â—Hay que tener cuidado con las tallas. En estas un 42 son 26'5cm pero en cambio en Reebok un 42 son 27cm.Espero que te haya sido Ãºtil mi opiniÃ³n ğŸ‘.",positive,0.9958190321922302,es
I had a knee injury which left my knees super sensitive and I couldnâ€™t wear most of my shoes because they were too hard on my foot except for Under Armour it was the only shoes that enabled me from going to my exams without pain or discomfort.Very much recommend,positive,0.9828338623046876,en
"Los tenis bien, blanditos y con buen acabado. El problema fue el envÃ­o de Amazon porque la caja venÃ­a bastante golpeada. Eran para hacer un regalo y no pude darlos en su caja original por lo daÃ±ada que estaba. Un poquito mÃ¡s de cuidado por parte de la empresa de transporte no estaba mal",neutral,0.9130229353904724,es
MUY INCOMODOSESTAN MUY DUROSNO SIRVEN PARA CORRERME LASTIMARON LAS RODILLASNO LOS RECOMIENDO,negative,0.9119729399681092,de
gÃ¼zel Ã¼rÃ¼n sorun yok,positive,0.5471516251564026,tr
Ã‡ok memnunum iyiki almÄ±ÅŸÄ±m.Sucak tutma olayÄ± sÃ¼per 12 saate kadar bile Ã§ok sÄ±cak tutuyor herkese tavsiye ederim.,positive,0.9935795068740844,tr
Ã¼rÃ¼n mÃ¼kemmel birÅŸey kesinlikle tavsiye ederim ÅŸimdiye kadar kullandÄ±ÄŸÄ±m en iyi termus,positive,0.994203507900238,tr
SÃ¼per kalite Ã§ok memnunum,positive,0.895761251449585,tr
"Stanley kalitesi, mÃ¼ÅŸhiÅŸ Ã¼rÃ¼n fakat boyut olarak biraz bÃ¼yÃ¼k.",positive,0.5119317770004272,tr
Kalite,positive,0.444944828748703,id
"ÃœrÃ¼ne sÃ¶ylenecek sÃ¶z yok fakat paketleme Ã§ok kÃ¶tÃ¼ Ã¼rÃ¼n hasar aldÄ±ÄŸÄ± iÃ§in iade ettim. Orjinal kutusu olmadan iki termos bir koliye konmuÅŸ kargoda hasar almÄ±ÅŸlar diÄŸer Ã¼rÃ¼nde de az hasar vardÄ± onu iade etmedim , fakat yazÄ±ktÄ±r herkese yazÄ±k paketleme daha dÃ¼zenli olmalÄ±",negative,0.9177144169807434,tr
ParasÄ±nÄ± fazlasÄ±yla Ã§Ä±kartÄ±yor...,neutral,0.7849129438400269,tr
We love everything about the bottle but the one thing I canâ€™t get is why after so many washes the blue lit keeps smelling like poison and makes the water taste like it too. I donâ€™t know what to do anymore. Does anyone recognize this?,negative,0.9821219444274902,en
"This buy was a second buy.Perfect, we have one for coffe and one for hot water to freze-dry food.Holds temperature very god.Buy again? = Yes.",positive,0.9868440628051758,en
Stanley since 1913Ce Thermos ne tiens pas chaud 40 heures loinDe lÃ PublicitÃ© mensongÃ¨re ce Thermos tiens au chaud 12 heures un peu plus longtemps quâ€™un Thermos normalNe vaut pas son prix pour moi câ€™est un Thermos ordinaire tiens juste 3/4 heures de plus,negative,0.8188236355781555,fr
Buen producto,neutral,0.5569862127304077,es
SprawdziÅ‚ siÄ™ na prezent,neutral,0.7463361620903015,pl
"Kaliteli hafif ve esnek nir urÃ¼n. Normalde 42,5 giyiyorum 44 siparis ettim boy olarak tam oldu. Fakat ayaÄŸÄ±nÄ±z taraklÄ±ysa yanlar Ã§ok hafif sÄ±kÄ± oluyor. Fakat esneme payÄ±da var. Bide gundelik surekli ayakta olup kullananlara fazla tavsiye etmem. Uzun sÃ¼reli kullanimda topukta rahatsÄ±zlÄ±k verebilir. Yorum benden. Ben kullanÄ±yorum. Bana rahat.",neutral,0.8033963441848755,tr
"ÃœrÃ¼n Ã§ok gÃ¼zel ancak 1 yada 1,5 beden bÃ¼yÃ¼k almalÄ±sÄ±nÄ±z",negative,0.7072399258613586,tr
Her markada muhakkak 41 numara giyerdim ancak hem lacivert hem siyah almÄ±ÅŸtÄ±m yaz gelmeden ama olmadÄ± 42 sini siparis verdim o bile olmadÄ± 3 ayakkabÄ± aldÄ±m Ã¼Ã§Ã¼nde kÃ¼Ã§Ã¼k geldi Ã§ok ilginÃ§,negative,0.981439769268036,tr
AyakkabÄ± gayet gÃ¼zel ve rahat yorumlara gÃ¼venerek yarÄ±m numara bÃ¼yÃ¼k almÄ±ÅŸtÄ±m ama bÃ¼yÃ¼k geldi onu yakÄ±nÄ±ma verdim. KalÄ±bÄ± normal bence 40.5 numara tam oldu. Amazon'a en bÃ¼yÃ¼k eleÅŸtirim kutularÄ± tozlu ÅŸekilde yollamasanÄ±z daha gÃ¼zel olacak onun dÄ±ÅŸÄ±nda memnunum.,neutral,0.764305055141449,tr
Normal bedenden kÃ¼Ã§Ã¼k. Normalden bir numara bÃ¼yÃ¼k alÄ±nmalÄ±. Rahat bir kalÄ±bÄ± var,negative,0.9918528199195862,tr
"1 numara bÃ¼yÃ¼k sipariÅŸ ettim yine de kÃ¼Ã§Ã¼k geldi olmadÄ±ÄŸÄ± ayaÄŸÄ±ma, ek olarak dÄ±ÅŸ kumaÅŸÄ± terletebilir hava alÄ±ÅŸ yeteneÄŸi yeterli deÄŸil gibi ayakkabÄ± iÃ§i tabanlÄ±k gÃ¼zel ve yumuÅŸak ancak taban malzemesi kauÃ§uk sertti yeterince esnek deÄŸil o yÃ¼zden iade ettim.",negative,0.992547333240509,tr
"Ã‡ok rahat ve hafif bir ayakkabÄ±, kÄ±sa sÃ¼rede teslim edildi.",positive,0.9728382229804992,tr
Yorumlarda ki gibi bi tÄ±k bÃ¼yÃ¼k alÄ±nmalÄ±.rahat ve kaliteli duruyor.,positive,0.900222659111023,tr
Ultra confortable ğŸ‘â­â­â­â­â­,positive,0.970932126045227,es
ğŸ‘,neutral,0.6092842817306519,unknown
"Excelente producto, llego en tiempo y forma y justo como esta en las imagenes, tenia mis reservas, pero es tal cual las fotografias, recomiendo pedir medio nÃºmero de talla mÃ¡s.",positive,0.9845085144042968,es
Buty kupione w promocji sÄ… lekkie i dobrze wykonane braÅ‚em swÃ³j normalny rozmiar jaki zawsze noszÄ™ i jest ok po kilku dniach chodzenia lekko siÄ™ rozeszÅ‚y suoer ğŸ‘,positive,0.5823548436164856,pl
"Scarpe giuste al momento giusto, leggere ti fanno muovere benissimo",positive,0.9730504751205444,it
Stanley kaliteli zaten tartÄ±ÅŸÄ±lmaz. Amazon hÄ±zÄ± ile birleÅŸince 2-3 gÃ¼nde geldi. Sorunsuz ve mÃ¼kemmel,positive,0.9961978793144226,tr
iÃ§ine koydugum buzlar 4 gÃ¼n boyunca erimedi bile stanley kalitesi...,negative,0.985199809074402,tr
Birebir aynÄ± geldi sadece kutusunda az bÄ± hasar vardÄ± ama iÃ§erisindeki Ã¼rÃ¼nde birÅŸey yoktu,neutral,0.4801045656204223,tr
"Stanley Adventure 28L taÅŸÄ±nabilir soÄŸutucu beklentilerimi fazlasÄ±yla karÅŸÄ±ladÄ±! Malzeme kalitesi harika, kapaÄŸÄ± sÄ±kÄ± kapanÄ±yor ve uzun saatler boyunca iÃ§indekileri soÄŸuk tutuyor. Kamp, piknik ve uzun yolculuklar iÃ§in ideal. TaÅŸÄ±masÄ± da oldukÃ§a rahat. FiyatÄ±nÄ± sonuna kadar hak ediyor. Kesinlikle tavsiye ederim!",positive,0.9974665641784668,tr
Stanley buzluÄŸu memleketim ile yaÅŸadÄ±ÄŸÄ±m yer arasÄ± 800 km olduÄŸu iÃ§in gelip giderken yanÄ±mda taÅŸÄ±yacaÄŸÄ±m gÄ±dalarÄ± bozulmadan gelmesi iÃ§in aldÄ±m. AyrÄ±ca ben de 15 lt olan buzlukta var. Bu iki buzluk sayesinde gÄ±dalar bozulmadan geliyor.,neutral,0.5604989528656006,tr
Harika,neutral,0.9526466131210328,sw
ÃœrÃ¼nÃ¼n iÃ§erisine buz kalÄ±plarÄ± ve pet ÅŸiÅŸe ile su koyduk. Ancak Ã¼rÃ¼nÃ¼ kontrol ettiÄŸimizde henÃ¼z 18 saat olmadan buzlar erimiÅŸti. SatÄ±cÄ±nÄ±n tarafÄ±mÄ±z ile iletiÅŸime geÃ§mesini talep ederiz.,negative,0.9417783617973328,tr
Ã‡ok gÃ¼zel Ã§ok iyi soÄŸutuyor. ÃœrÃ¼nÃ¼ aldÄ±ÄŸÄ±mÄ±zda hemen kullandÄ±k kamp yapmaya gittiÄŸimizde 2 gÃ¼n Ã¼rÃ¼nler dayandÄ± ve soÄŸuk tuttu iÃ§ecekleri,positive,0.9021433591842652,tr
"Super QualitÃ¤t, riesiges Volumen, jedoch zu groÃŸ fÃ¼r unser Auto weshalb sie retourniert wurde.",positive,0.9187020659446716,de
"Bought this for when I occasionally go away camping for 3 days, I typically fill it with ice packs the morning that I leave. I've found that on hotter days, as long as you only open it a couple of times throughout the day, typically it will take about 2 days before the last icepack has melted.I'm very happy overall, the handles make it easy to carry, the drainage plug helps when cleaning. Its a great overall product.",positive,0.9839558005332948,en
"Die Box ist super verarbeitet, schlieÃŸt gut, hÃ¤lt lange kalt und bietet zusÃ¤tzliche AblageflÃ¤che bei unserem Picknick. Ich definiere ""lange kalt"": die restlichen Lebensmittel und GetrÃ¤nk, von dem was wir fÃ¼r unsere Tagestour um ca. 5:00 eingepackt haben, waren Dank 2 KÃ¼hlakkus um ca. 23:00 kÃ¤lter als noch vor dem Einpacken... Die Box ist zu unserem treuen Begleiter geworden.",positive,0.956836998462677,de
"I've used this a number of times with ice and you'll be lucky to get a day before all the ice is melted. Thankfully it has a drain so you can tip all the melted ice out.I put two large bags of ice in over the weekend along with some already frozen Calippos and the Calippos had melted by the time I got home, about six hours max.",neutral,0.8669569492340088,en
Esperaba mantuviera mejor el frÃ­o.,neutral,0.8664471507072449,es
"ÃœrÃ¼nÃ¼m gÃ¼zel ve ambalajlÄ± ÅŸekilde geldi. Orjinal mi diye kafamda Ã§ok soru iÅŸareti vardÄ± ancak ithalatÃ§Ä± firma Ã¼zerlerine Ã¶nÃ¼r boyu garanti logosu koymuÅŸ. Bu logo Ã¼zerideki karekodu taratarak kolayca kaydÄ±mÄ± yaptÄ±rdÄ±m. HÄ±zlÄ±, saÄŸlam ve gÃ¼venilir bir ÅŸekilde ulaÅŸtÄ±rdÄ±ÄŸÄ±nÄ±z iÃ§in teÅŸekkÃ¼rler.",positive,0.9870720505714417,tr
Kaliteli ve Ã§ok kullanÄ±ÅŸlÄ±. Otomobilin bardak koyma yerine tam uyumlu harika bir Ã¼rÃ¼n.,positive,0.9961776733398438,tr
"Benim en iyi yoldaÅŸÄ±m oldu kaÃ§ kere dÃ¼ÅŸtÃ¼ etti ezilme olmadÄ± Ã§elik kÄ±smÄ±nda ve Ã§ok iyi soÄŸuk tutuyor sÄ±caÄŸÄ± da bir nebze iyi duruyor, onsuz olmaz",positive,0.9940939545631408,tr
BeklendiÄŸi gibi amazon ve stanley markalarÄ± olunca sipariÅŸte hÄ±zlÄ± geliyor Ã¼rÃ¼nde kalite,positive,0.5910360217094421,tr
BayÄ±lÄ±yorum Stanley kalitesi,positive,0.9548995494842528,tr
"24 saat olmadan kargom geldi. ÃœrÃ¼n gÃ¼zel paketlenmiÅŸ. EÅŸime hediye almÄ±ÅŸtÄ±m Ã§ok beÄŸendi. Kargo firmasÄ±na ve Ã§alÄ±ÅŸanlarÄ±na Ã¶zellikle teÅŸekkÃ¼r ederim. Amazon aynÄ± gÃ¼n teslimat diyorsa yapÄ±yor. DiÄŸer firmalar gibi yok yukarÄ± Ã§Ä±kmÄ±yoruz, aramadan adrese gelmeden â€œgeldik yoktunuzâ€ gibi sahtekarlÄ±k yapmÄ±yorlar. En sevdiÄŸim Ã¶zelliÄŸi bu !- Hediye Ã§eki ile birlikte ÅŸu an en uygun fiyata aldÄ±m. TeÅŸekkÃ¼r ederim",positive,0.997356653213501,tr
Harika bir Ã¼rÃ¼n,neutral,0.8627013564109802,tr
"Kargo hÄ±zlÄ± geldi. ÃœrÃ¼n Ã§ok gÃ¼zel, stanley kalitesi",positive,0.9449836015701294,tr
Merci,positive,0.901171326637268,es
"After having bought many different water bottles, this one is by far my favourite one. First, the straw makes it very easy to drink out of and avoid any mess. The handle is super convinient for carrying it around or hanging it on your backpack. Once closed, it does not leak at all! I even dropped it...and still no leak! Fantastic.I love the colour (purple and orange). My water stays cold even in the highest outdoor temperatures, and when I use it for hot coffee, it keeps it hot through the day.I cannot recommend this Stanley cup more. Way better than the brand's other models.",positive,0.9975844621658324,en
TrÃ¨s bon contenance pour mon fils de 5 ans ! Ne fuit pas comme le modÃ¨le adulte et poignÃ©e de transport trÃ¨s pratique ! AdoptÃ©e par mon fils !,positive,0.9957979321479796,fr
Wszystko idealne!,positive,0.9600537419319152,pl
Love it,positive,0.9439482688903807,en
"KÃ¶ÅŸelerde ezik var ama rahatsÄ±z etmiyor. Zaten koyup alÄ±rken oluyor zamanla malum. Ä°nce poÅŸet ve kendi kutusu ile geldi. Rengi gÃ¼zel. Ã‡alÄ±ÅŸÄ±rken hareket ettirince iÃ§inden kum dÃ¶kÃ¼lÃ¼yor, akÄ±yor gibi ses de gelmiyor. FiyatÄ± gÃ¼zel, ederi iyi, alÄ±nÄ±r.",positive,0.973120391368866,tr
"ÃœrÃ¼n kÄ±rÄ±k geldi, iÃ§inden kumlar dÃ¶kÃ¼ldÃ¼",negative,0.8831707239151001,tr
Fiyat performans Ã¼rÃ¼n. Plastik kokusu yok demir gÃ¶vde plastik ile sÄ±kÄ± kaplanmÄ±ÅŸ dolayÄ±sÄ±yla deforme olmasÄ± zor. Ancak bana gelen ikiliden birisi sanÄ±rÄ±m dÃ¼ÅŸmÃ¼ÅŸ altÄ±genin bir ucu yamulmuÅŸtu uÄŸraÅŸmak istemediÄŸimden iade etmedim sonuÃ§ta iÅŸ gÃ¶rÃ¼yor,neutral,0.9392766952514648,tr
SaÄŸlam ve hÄ±zÄ± kargo iÃ§in teÅŸekkÃ¼rler.,positive,0.8857976198196411,tr
"BazÄ± yerleri ezilmiÅŸ, plastik kaplama bazÄ± yerleri patlamÄ±ÅŸ, Ã§atlaklar var. Ä°leride bÃ¼yÃ¼mezse bu Ã§atlaklar sorun olmaz. Ä°Ã§i beton dÃ¶kÃ¼lmÃ¼ÅŸ sanÄ±rÄ±m, bu konuda Bi tÄ±k iyi.",neutral,0.9726579785346984,tr
ÃœrÃ¼n ortadan ikiye ayrÄ±lmÄ±ÅŸ ÅŸekilde geldi. Ã‡ok kalitesiz.,negative,0.9941639304161072,tr
ÃœRÃœN SAÄLAM GELDÄ° RESÄ°MDE GÃ–RDÃœÄÃœNÃœZ GÄ°BÄ° HIZLI TESLÄ°MAT VAR MUHTEÅEM,positive,0.9890276193618774,de
"FotoÄŸraftaki gibi geldi ama biraz tozlu, daha Ã¶nceden kullanÄ±lmÄ±ÅŸ gibi.",neutral,0.9608937501907348,tr
BazÄ± yorumlarda kargolama ÅŸikayeti vardÄ±. Bu satÄ±cÄ± adeta pÄ±rlanta gibi davranmÄ±ÅŸ. Harika bir karko hazÄ±rlÄ±ÄŸÄ±. TeÅŸekkÃ¼r ederimÃœrÃ¼ne gelince yoruma gerek yok. Sadece 0.47 ile arasÄ±nda boyut farkÄ± var alacaklarÄ±n dikkat etmesi lazÄ±m,positive,0.9717521667480468,tr
Beklentilerimi karÅŸÄ±ladÄ±.Ã‡ok uzun sÃ¼relerde sÄ±cak / soÄŸuk kullanÄ±m iÃ§in almamÄ±ÅŸtÄ±m. Fiyat performansÄ± iyi bir Ã¼rÃ¼n.,positive,0.748511016368866,tr
"Daha kullanmadÄ±m ancak paketleme ve Ã¼rÃ¼n gÃ¼zel, gayet gÃ¶zÃ¼ktÃ¼ÄŸÃ¼ gibi. AltÄ±ndaki barkod numarasÄ±yla da garantisi iÃ§in Ã¼rÃ¼nÃ¼n online kaydÄ±nÄ± da yaptÄ±rdÄ±m, Ã¼rÃ¼n orijinal bir ÅŸÃ¼pheniz olmasÄ±n.",positive,0.9426597952842712,tr
Ã‡ok kullanÄ±ÅŸlÄ±,neutral,0.5118394494056702,tr
BeklediÄŸimden hÄ±zlÄ± geldi,neutral,0.7179553508758545,tr
GÃ¼zel ÃœrÃ¼n,neutral,0.8882090449333191,tr
GÃ¼zel bir Ã¼rÃ¼n,neutral,0.9175096154212952,tr
Bir yÄ±ldÄ±r sÄ±klÄ±kla kullanÄ±yorum. GÃ¶zlemlediÄŸim ÅŸu ki eÄŸer termosun yarÄ±sÄ±nÄ± dolddurursanÄ±z bi 4 saat sonra Ä±lÄ±maya baÅŸlÄ±yor fakat aÄŸzÄ±na kadar doldurursanÄ±z 8 saate kadar aynÄ± sÄ±caklÄ±kta kendini muhafaza ediyor. Gayet memnunum. Uzun kalacaÄŸÄ±m yerlerde alÄ±yorum yanÄ±ma. Biraz bÃ¼yÃ¼k. Bi yaklaÅŸÄ±k 8 Ã§ay bardaÄŸÄ± girer herhalde. 1 puanÄ± da amozonun kargolamasÄ±ndan kÄ±rÄ±yorum. Hafif bir poÅŸetin iÃ§inde langur lungur gelmiÅŸ resmen,positive,0.9739536046981812,tr
Realy good bottle,positive,0.9649434089660645,en
ØªØ³ØªØ§Ù‡Ù„ ÙƒÙ„ Ø±ÙŠØ§Ù„ Ø¹Ù…Ù„ÙŠØ© ØªÙØªØ­ Ø¨Ø³Ø±Ø¹Ø© ÙˆØªÙ‚ÙÙ„ Ø¨Ø³Ø±Ø¹Ø© ÙˆÙ†ÙØ³ Ø­Ø¬Ù… Ø­Ø§Ù…Ù„ Ø§Ù„Ø§ÙƒÙˆØ§Ø¨ ÙØ§Ù„Ø³ÙŠØ§Ø±Ø© ÙˆØ­Ø¬Ù… Ù…Ø³ÙƒØ© Ø§Ù„ÙŠØ¯ Ø­ØªÙ‰ Ù„Ùˆ ÙŠØ¯Ùƒ ØµØºÙŠØ±Ù‡ ÙˆØ¬ÙˆØ¯Ø© Ø§Ù„Ù…Ù†ØªØ¬ Ø¹Ø§Ù„ÙŠØ©,positive,0.983159065246582,ar
"Quite big, it's awesome when you have a hot drink because the thermos itself is not hot to burn your fingers, just a bit warm. Very good seal, very good for a long drive to keep your coffee hot/warm.",positive,0.8140905499458313,en
"Einwandfrei, hÃ¤lt lange warm und kalt",positive,0.9648297429084778,de
Was bigger than my expectations. Keeps water hot for max 3-4 hours.,positive,0.838469922542572,en
"Urun tabani ne sert ne de Ã§ok yumuÅŸak, rahat bir ÅŸekilde giyilir. Renkler ve deseni de Ã§ok gÃ¼zel. Hizli bir sekilde ulaÅŸtÄ±. Ayak numarasÄ± tam beden olanlar iÃ§in ideal, tavsiye ederim.",positive,0.9969204664230348,tr
Ã‡ok memnunum,neutral,0.4879990518093109,id
Ã–ncelikle Amazona Ã§ok teÅŸekkÃ¼r ederim mÃ¼ÅŸterilerini koruyan bir alÄ±ÅŸveriÅŸ sitesi olduÄŸu iÃ§in diÄŸer siteler mÃ¼ÅŸteriyi nasÄ±l yolarÄ±z kafasÄ±yla iÅŸlerken burda tamamen mÃ¼ÅŸteri korunuyor Ã¼rÃ¼nÃ¼n fiyatÄ± arttÄ±ÄŸÄ± iÃ§in bildirdim hemen iadem yapÄ±ldÄ±. ÃœrÃ¼n hakkÄ±nda da henÃ¼s dÄ±ÅŸarda kullanmadÄ±m ama bu modelin baÅŸka rengini kullanÄ±yordum zaten Ã§ok memnundum bu da aynÄ±sÄ±ysa memnun kalacaÄŸÄ±mÄ± dÃ¼ÅŸÃ¼nÃ¼yorum. AyrÄ±ca model olarak da Ã§ok tatlÄ± bence,positive,0.9797573685646056,tr
Normal bedeninizden YarÄ±m numara bÃ¼yÃ¼k almanÄ±zda fayda var. OldukÃ§a ÅŸÄ±k ve rahat bir ayakkabÄ±.,neutral,0.581439733505249,tr
"KALÄ°TELÄ° , GÃœZEL, RAHAT",positive,0.971274197101593,de
"ÅÄ±k bir ayakkabÄ±, dayanma sÃ¼resini zaman gÃ¶sterecek.",neutral,0.9524646997451782,tr
EÅŸim iÃ§in aldÄ±m Ã§ok beÄŸendi gayet gÃ¼zel orijinal ayakkabÄ± trendyol'da 4200 liraya gÃ¶rmÃ¼ÅŸtÃ¼m buradan 1800 liraya aldÄ±m,positive,0.9699987173080444,tr
"Ã‡ok benzeyen bir model daha almÄ±ÅŸtÄ±m. Gene rahat ve estetik onun gibi.Renkler Ã§ok uyumlu, tabanÄ± Ã§ok rahat.Ama Amazon'dan bir ricam var. Gelen ayakkabÄ± kutularÄ± hep toz iÃ§inde, ayÄ±pladÄ±m biraz.",neutral,0.9347673654556274,tr
"I love that the shoes is really light for long walks but not padded enough for comfort. The color, much different than picture online.",neutral,0.8474389314651489,en
Ich bin sehr zufrieden nach 5 km joggen auf Laufband. Die Schuhe sind bequem und bieten genug Platz fÃ¼r die Zehen. GrÃ¶ÃŸe ebenso passt. Und Preisleistung mega gut.,positive,0.9958733916282654,de
"Tolle Schuhe fÃ¼r breite FÃ¼ÃŸe und schwere Menschen. Sie sehen auch gut aus. Ein Stern Abzug, weil sie nicht fÃ¼r nasse StraÃŸen gemacht zu sein scheinen (sie rutschen) und beim Gehen quietschen (nein, nicht nur auf nassem Boden).",positive,0.9277015924453736,de
ç™ºé€ã‚‚æ—©ãã¦ã¨ã¦ã‚‚è‰¯ã„å•†å“ã§ã—ãŸã€‚,positive,0.7905322909355164,ja
ä»•äº‹ã®æ™‚ã«å±¥ããŸã‚ã«è³¼å…¥ã€‚è¶³ã‚‚ç—›ããªã‚‰ãšã«ç–²ã‚Œã«ãã„ã¨æ€ã„ã¾ã™ã€‚ãƒªãƒ”ãƒ¼ãƒˆã—ãŸã„ã€‚,positive,0.9781039953231812,ja
Ã‡ok beÄŸendim. Kaliteli ve Ã§ok kullanÄ±ÅŸlÄ±. Herkese tavsiye ediyorum.,positive,0.97208571434021,tr
Harika,neutral,0.9526466131210328,sw
Eksiksiz geldi kalite olarak fena deÄŸil ama iki barÄ± birbirine baÄŸlayan aparatÄ± sÃ¶kmek iÃ§in de ayrÄ±ca bir ÅŸey yollamalarÄ± gerekiyor. Ä°ki barÄ± birleÅŸtirdiniz iyi gÃ¼zel ama Ã§Ä±kartmak istediÄŸinizde diÄŸer barÄ±n ucunda kalÄ±yor Ã§Ã¼nkÃ¼ ondan Ã§Ä±kartabilmek iÃ§in bir aparat yok iÃ§inde kaldÄ± ÅŸu an ve aÄŸÄ±rlÄ±k yaptÄ±ÄŸÄ± iÃ§in tek tarafta dengesizlik yapÄ±yor,neutral,0.7476991415023804,tr
Amazon'un kalitesi bir baÅŸka Ä±ÅŸÄ±k hÄ±zÄ±yla geldi Ã¼rÃ¼nde Ã§ok iyi teÅŸekkÃ¼rler amazon,positive,0.981680393218994,tr
ÃœrÃ¼nleri beÄŸendim kullanÄ±mÄ± kolay tavsiye ederim,neutral,0.4919028878211975,tr
"ÃœrÃ¼n elime ulaÅŸtÄ±, bar ve aÄŸÄ±rlÄ±klar konusunda problemim yok. Lakin barÄ± kÄ±saltÄ±p dumbell'a cevirmeye calÄ±stÄ±ÄŸÄ±nÄ±zda fotoÄŸraftaki gibi bir durum sÃ¶z konusu deÄŸil. Dumbell icin bar uzun ve aÄŸÄ±rlÄ±klarla dengesiz. Halter seti ve DambÄ±l seti demiÅŸler baÅŸlÄ±kta, Ã¼rÃ¼n sadece Halter Seti bilginiz olsun.",neutral,0.6869417428970337,tr
GÃ¢yet iyi kargolamasi da gÃ¢yet iyiydi kargo firmasina tesekkur ederim.Urun de gÃ¢yet guzel bu fiyatta iÅŸ gorur,positive,0.9685073494911194,tr
Barlardan bir tanesi yamuk geldi.Bu yÃ¼zden 2 bar birleÅŸim halter olmuyor iade tabinde bulundum onun dÄ±ÅŸÄ±nda Ã¼rÃ¼n beklediÄŸim gibi geldi.bugun alÄ±cÄ± dÃ¼zgÃ¼n barlarÄ± yolladÄ± Ã¼rÃ¼n gayet beklediÄŸim gibi geldi,neutral,0.538966953754425,tr
Kaliteli oldukÃ§a hoÅŸ bir rengi var. Bedeninizi alabilirsiniz,positive,0.9177456498146056,tr
AyakkabÄ± gerÃ§ekten Ã§ok ÅŸÄ±k. KalÄ±bÄ± dar olduÄŸu iÃ§in en az yarÄ±m numara bÃ¼yÃ¼ÄŸÃ¼nÃ¼ sipariÅŸ edin 1 numara bÃ¼yÃ¼ÄŸÃ¼de gayet rahat olabilir,negative,0.9648422598838806,tr
Ä°yi,neutral,0.8749329447746277,tr
ÃœrÃ¼nÃ¼n kutusu ile ayakkabÄ± arasÄ±nda baÄŸlantÄ± yok. Ãœzerindeki kodlar farklÄ±. Orjinal olup olmamasÄ±nÄ± araÅŸtÄ±rÄ±p gerektirse iade edeceÄŸim. GÃ¶rsel ekleyemiyorum.,negative,0.9030006527900696,tr
Bir numara bÃ¼yÃ¼k alÄ±n,positive,0.9066686630249025,tr
"Umder armour 20 senedir bildiÄŸim marka.Daha Ã¶ncede ayakkabÄ±,Ã§anta, tiÅŸÃ¶rt gibi farklÄ± Ã¼rÃ¼nlerde uyardÄ±m, bu markanÄ±n Ã¼rÃ¼nleri TÃ¼rkiyede Son zamanlarda Ã§ok sorunlu, bir kaÃ§ Ã¼rÃ¼nden Fake diye huylandÄ±m. Bu ayakkÄ±bÄ±yÄ±da kÄ±zÄ±m iÃ§in istedim fakat tabandaki aÄŸÄ±r kimyasal kokusu,burun kÄ±smÄ±ndaki sarÄ± tutkal artÄ±klarÄ± ve numara Ã¶lÃ§Ã¼sÃ¼nÃ¼n tutarsÄ±zlÄ±ÄŸÄ± hatta malzemenin kalitesi beni huylandÄ±rdÄ±. AynÄ± marka aynÄ± model Usa'dan aldÄ±ÄŸÄ±m 39eu numara bu ayakkabÄ±nÄ±n 37eu ile boyu aynÄ±. Bu markada numarada tutarsÄ±zlÄ±k olmaz ama bunda var. Ä°ade ettim. Fake olmasa bile 3-5. SÄ±nÄ±f bir yerde en dÃ¼ÅŸÃ¼k kalitede Ã¼rttirilmiÅŸ.Resim eklemeyi bulamadÄ±m bulursam resim ekleyeceÄŸim.",negative,0.94916433095932,tr
"Iâ€™ve had these for a year & alternate between these & a pair of Nikes & theyâ€™re still in great shape. I tried just about every brand in my hunt for walking/light jogging sneakers, and for me, these were by far the most comfortable, even over $160 New Balances & expensive Diadora & ASICSâ€¦Adidas Ultraboost etc. Every foot is different - for me, different shoes press against the inner foot bone uncomfortably, and thereâ€™s no issue with that here. The sole is thick & cushiony which I find supportive, and my feet donâ€™t feel overly compressed. There is a nice little bounce which each step. True to size. Iâ€™d recommend.",positive,0.9971946477890016,en
Muyyyy cÃ³modos para entrenar,positive,0.9862306714057922,es
"acquistate per la mia compagna come scarpe per tutti i giorni si sono rivelate ultra comode, le adora",positive,0.9973996877670288,it
ãƒ‡ã‚¶ã‚¤ãƒ³ã‚„å±¥ãå¿ƒåœ°ã¯ç”³ã—åˆ†ãªã„å‡ºæ¥ä¸ŠãŒã‚Šã§ã—ãŸã€‚ã‚µã‚¤ã‚ºã¯ã‚„ã‚„å¤§ãã‚ã§ã—ãŸãŒè¨±å®¹ç¯„å›²ãªã®ã§è‰¯ã„è²·ã„ç‰©ãŒã§ãã¾ã—ãŸã€‚ã¾ãŸã€ã‚»ãƒ¼ãƒ«ã«ãªã£ãŸæ™‚ãƒªãƒ”ãƒ¼ãƒˆã—ãŸã„ã§ã™ã€‚,neutral,0.9050173163414,ja
"Colore come nella immagine, misure precise!! E poi molto bello il modello. Consegna in tempo giusto, nÃ© anticipato nÃ© in ritardo.Grazie",positive,0.9894235730171204,it
Prime fÄ±rsat indirimiyle aldim. Bu fiyata bÃ¶yle bir ayakkabi Ã§ok Ã§ok iyi. HenÃ¼z spor amaÃ§li kullanmadim ama zaten bÃ¶yle uygun fiyata almÄ±ÅŸken sporda kullanamasam dahi 5 yildiz verirdim.,positive,0.9931864738464355,tr
BeklediÄŸimden gÃ¼zel 1 numara bÃ¼yÃ¼k aldÄ±m tam istediÄŸim gibi oldu,positive,0.9795380234718324,tr
cok rahat. beden tam olcude,negative,0.8804883360862732,id
"BeklediÄŸimden Ã§ok daha rahat, bu fiyata resmen bedava.",positive,0.9945805668830872,tr
Ã‡ok gÃ¼zel ve rahat bir ayakkabÄ±. Herkese tavsiye ederim.,positive,0.9781543016433716,tr
1 gÃ¼nde elimde oldu Ã§ok fiyat performans ve Ã¼rÃ¼n kalitesi mÃ¼kemmel beden olarak yarÄ±n yada bir beden bÃ¼yÃ¼k secmenizi Ã¶neririm.,negative,0.9974138140678406,tr
Ben ayakabÄ±mÄ± iade atim ama banka hesabÄ±ma iade edilmemiÅŸ yardÄ±mcÄ± olursanÄ±z sevinirim,neutral,0.5081532597541809,tr
"Kalitesi gÃ¶rÃ¼ndÃ¼ÄŸÃ¼ gibi deÄŸildi, iade ettim.",negative,0.983707845211029,tr
ØªÙ‡Ø¨Ù„ ÙˆÙØ®Ù…Ù‡ Ø¹Ø¬Ø¨Øª Ø²ÙˆØ¬ÙŠ Ù…Ø±Ù‡ Ø´ÙƒØ±Ù‹Ø§ Ø§Ù…Ø§Ø²ÙˆÙ† Ø¯Ø§Ø¦Ù…Ù‹Ø§ Ø§Ù†ØªÙ… Ø§Ù„Ø®ÙŠØ§Ø± Ø§Ù„Ù…ÙØ¶Ù„ Ø¹Ù†Ø¯ÙŠ .,positive,0.9969647526741028,ar
"Super Schuhe, sehr bequem und chic..",positive,0.9949813485145568,de
"Super Passform, bequem und leicht!",positive,0.9920527935028076,de
"These trainers are good value and a good classic look, as well as being a good fit and comfy.",positive,0.994357168674469,en
"Die Under Armour Herren UA Charged Speed Swift Laufschuhe sind einfach fantastisch! Ich nutze sie hauptsÃ¤chlich als Sportschuhe im Studio und ab und zu auf dem Laufband, und sie bieten genau die UnterstÃ¼tzung, die ich brauche. Besonders bei meiner Neigung zur Supination unterstÃ¼tzen sie mich hervorragend, ohne dass der Komfort darunter leidet. Die Schuhe sind unglaublich weich und bequem, was sie zu einem idealen Begleiter fÃ¼r jede Trainingseinheit macht.Die Passform ist ebenfalls perfekt â€“ GrÃ¶ÃŸe 44 passt genau, wie man es erwarten wÃ¼rde, wenn man sonst auch 44 trÃ¤gt. Die Schuhe sitzen gut am FuÃŸ, bieten den nÃ¶tigen Halt und verhindern, dass ich wÃ¤hrend des Trainings irgendwelche Beschwerden habe.Insgesamt bin ich mehr als zufrieden und kann die UA Charged Speed Swift jedem empfehlen, der nach einem bequemen und unterstÃ¼tzenden Sportschuh sucht, der auch bei Supination bestens funktioniert. Ein echtes Highlight in meiner Sportschuh-Sammlung!",positive,0.9972802400588988,de
KÄ±zÄ±m iÃ§in aldÄ±m bir numara bÃ¼yÃ¼ÄŸÃ¼nÃ¼ alÄ±n tam denk geliyor. Ben 36 numara aldÄ±m 35 numara giyinen kÄ±zÄ±ma tam oldu. Orjinal kaliteli,positive,0.9537255764007568,tr
Ä°Ã§i Ã§ok yumuÅŸak ve rahat bu fiyata Ã§ok zor bÃ¶yle rahat spor ayakkabÄ± bulmak zor normalde 37 giyiyorum yorumlara bakarak 38 aldÄ±m tam oldu,positive,0.6437429785728455,tr
Bir numara bÃ¼yÃ¼k tercih edin ..MÃ¼kemmel.,positive,0.9800646901130676,tr
"Modeli Ã§ok beÄŸenmedim. Topuk kÄ±smÄ±, adimlarken ayaginiz Ã§Ä±kacak gibi oluyor.",negative,0.6827285885810852,tr
Ã‡ocuklar iÃ§in gÃ¼zel,neutral,0.8049755096435547,tr
36 numara ayakkabÄ± giyen kÄ±zÄ±ma 37.5 38.5 dahil deÄŸiÅŸim yaptÄ±m hiÃ§biri ayaÄŸÄ±na olmadÄ± son olarak 40 numara aldÄ±m bÃ¼yÃ¼k oldu kalÄ±p olarak sÄ±kÄ±ntÄ±lÄ± alacaklarÄ±n dikkatine,negative,0.9713380932807922,tr
"Biraz dar oldu, ayaklarÄ±m taraklÄ± deÄŸil. Kalitesini de Ã§ok beÄŸenmedim",neutral,0.5245441198348999,tr
Rahat ve KullanÄ±ÅŸlÄ±. Fiyat Performans Ã¼rÃ¼nÃ¼. Ã‡ok Kaliteli.,positive,0.9281769394874572,tr
Trop bellesJe les recommande,positive,0.56834876537323,fr
"J'ai pris ce modÃ¨le pour moi. LÃ©gÃ¨res, confortables, qualitÃ©/prix validÃ©s ğŸ˜Š",positive,0.9734180569648744,fr
Good ğŸ‘,neutral,0.6755280494689941,so
"Gute QualitÃ¤t, sehr bequem.Schnelle Lieferung",positive,0.970464289188385,de
"Damskie buty Charged Pursuit 3 Visual Cushioning to Å›wietna propozycja dla osÃ³b poszukujÄ…cych komfortu, stylu i funkcjonalnoÅ›ci w jednym. SÄ… lekkie, dobrze amortyzowane i trwaÅ‚e, co sprawia, Å¼e sprawdzÄ… siÄ™ zarÃ³wno podczas aktywnoÅ›ci fizycznej, jak i w codziennym uÅ¼ytkowaniu. To inwestycja, ktÃ³ra zapewnia wygodÄ™ i wsparcie na kaÅ¼dym kroku ğŸ˜",positive,0.997201442718506,pl
"ÃœrÃ¼n gÃ¼zel ince kolay taÅŸÄ±nÄ±r. Mor sipariÅŸ verdim pembe geldi. Pembe isteseydim pembe alÄ±rdÄ±m. KÄ±sa sÃ¼reli Ã§alÄ±ÅŸmalarda, baÅŸlangÄ±Ã§ seviyesi iÃ§in ideal sonraki seviyede mutlaka daha iyi mat tercih edilebilir. Grup Ã§alÄ±ÅŸmalarÄ± iÃ§in aldÄ±m son derece memnunum. Tavsiye ederim tam bir fiyat performans Ã¼rÃ¼nÃ¼.",positive,0.9778681993484496,tr
GÃ¶rsele yanlÄ±ÅŸ gÃ¶rsel eklenmiÅŸ. Bunun bilincinde olarak satÄ±n aldÄ±m. FiyatÄ±na gÃ¶re Ã§ok Ã§ok iyi bir yoga matÄ±. Ä°lk kullandigimda ayak bastÄ±ÄŸÄ±m yerler Ã§Ã¶ktÃ¼ ve bu beni endiÅŸelendirdi. Hep Ã¶yle kalacaÄŸÄ±nÄ± dÃ¼ÅŸÃ¼ndÃ¼m fakat zamanla eski haline dÃ¶nÃ¼yor. Kalitesi de beklentimin Ã§ok Ã¼stÃ¼nde. Bir ouani yanlÄ±ÅŸ gorselden kÄ±rdÄ±m,positive,0.9538540840148926,tr
Fotografta mor renk gosterilen mat adlinda pembe renk.,neutral,0.9919010996818542,da
dÃ¼n sipariÅŸ verdim bugun elime ulaÅŸtÄ±ilk yoga matÄ±m gayet iÅŸlevli ben beÄŸendim aÄŸÄ±r spor yapmayacaksanÄ±z ideal ben yoga ve meditasyon iÃ§in aldÄ±m teÅŸekkÃ¼ler amazon,positive,0.9882932305336,tr
hafif lekeli geldi ama indirimli almÄ±ÅŸtÄ±m kupon da kullanmÄ±ÅŸtÄ±m o yÃ¼zden umursamadÄ±m gayet iÅŸlevsel Ã§ok kaymayan bir mat sadece tÄ±rnaklarÄ±nÄ±zÄ± uzun kullanÄ±yorsanÄ±z dikkat edin tÄ±rnaklar kolaylÄ±kla matÄ±n kabarcÄ±klÄ± yÃ¼zeyini koparabiliyor Ã§izebiliyor,neutral,0.7680549025535583,tr
Ä°nce ve kaliteli kaymaz yÃ¼zey Ã§ok beÄŸendim,positive,0.8399268984794617,tr
"Rengi Ã§ok canlÄ± , olduÄŸu iÃ§in iade etmek istiyorum.",negative,0.6734650731086731,tr
KirlenmiÅŸ Ã¼rÃ¼n geldi,negative,0.8671265244483948,tr
"AyakkabÄ± gayet gÃ¼zel ve rahat ama kesinlikle bÃ¼yÃ¼k numara alÄ±n. Normalde 41 giyiyorum 42 aldÄ±m 42,5da alÄ±nabilirmiÅŸ",positive,0.8844351172447205,tr
"AyakkabÄ± Ã§ok gÃ¼zelmiÅŸ fakat kalÄ±bÄ± dar ben 42,5 giyiyorum ama 43 aldÄ±m yine de hafif sÄ±kÄ±yor. Ã‡ok ÅŸÄ±k tavsiye ederim i.",negative,0.8127058744430542,tr
"ÃœrÃ¼n Ã§ok iyi ama alÄ±rken 1,5 numara bÃ¼yÃ¼k alÄ±n, 45 numara ayaÄŸÄ±m ama 46 numara kÃ¼Ã§Ã¼k geldi. Amazon hemen iade aldÄ± parayÄ± da hemen yatÄ±rdÄ±, amazona 5 yÄ±ldÄ±z.",negative,0.88877934217453,tr
"AyakkabÄ±yÄ± belli bir sÃ¼re giydikten sonra Ä±slak banyo terliÄŸi gibi gÄ±cÄ±r gÄ±cÄ±r rahatsÄ±z edici bir ses Ã§Ä±kartÄ±yor.KullanÄ±cÄ± hatasÄ± deyip geÃ§ecekleri iÃ§in iade etmedim.(Lacivert ve siyah iki renk almÄ±ÅŸtÄ±m,ikisinden de aynÄ± gÄ±cÄ±rtÄ± sesi geliyor.)Sol Ã¶n kÄ±sÄ±mda da kalÄ±p hatasÄ± var,baÅŸ parmaÄŸÄ± rahatsÄ±z ediyor.AÃ§Ä±lÄ±r diye iade etmedim,ama maalesef aÃ§Ä±lmadÄ±.",negative,0.9564961194992064,tr
"ÃœrÃ¼n gÃ¼zel, sadece diÄŸer markalara gÃ¶re ayakkabÄ±larÄ± biraz dar ve kÃ¼Ã§Ã¼k kalÄ±plÄ± olmasÄ± nedeniyle, 1.5 veya 2 numara bÃ¼yÃ¼k alÄ±nmasÄ± tavsiye edilir. ben ÅŸahsen ayakkabÄ± 42 numara giyiyorum, bu modelden 44 numara aldÄ±m.",neutral,0.9587836265563964,tr
Uruny gÃ¼zel fakat kalÄ±p inanÄ±lmaz kÃ¼Ã§Ã¼k 1 numara bÃ¼yÃ¼k almama raÄŸmen aldÄ±ÄŸÄ±m kiÅŸiye kÃ¼Ã§Ã¼k geldi numara degisimi yapmak istiyorum ne yapmalÄ±yÄ±m yoksa iade,negative,0.9793000817298888,tr
"Normalde 42 numara giyiyorum ama bir numara bÃ¼yÃ¼k sipariÅŸ ettim ,yani 43 sipariÅŸ ettim,tam oldu. AklÄ±nÄ±zda olsun,bir numara bÃ¼yÃ¼k sipariÅŸ edin. ParasÄ±na gÃ¶re gÃ¼zel ayakkabÄ± , tavsiye ederim",positive,0.8064777255058289,tr
Ã‡ok gÃ¼zel ama kalÄ±bÄ± Ã§ok kÃ¼Ã§Ã¼k 2 numara bÃ¼yÃ¼k alin,negative,0.4734116792678833,tr
å­ä¾›ãŒè»½ãã¦å±¥ãã‚„ã™ã„ã¨ã€å–œã‚“ã§ã„ã¾ã™ã€‚æœ€é«˜ğŸ˜†,positive,0.9955737590789796,ja
SchÃ¶ner Schuh - leider etwas eng,positive,0.926112949848175,de
"Die Schuhe sehen sehr gut aus!Habe normal GrÃ¶ÃŸe43 und habe GrÃ¶ÃŸe44 genommen und passen super!Hoffe das Sie lange halten.Werde die Schuhe fÃ¼r den Sport nehmen.Der Preis ist super, daher habe ich Sie gekauft!WÃ¼rde die Schuhe wieder kaufen, bin Fan von der Firma!",positive,0.9909446239471436,de
"I got these trainers for my teenage son and he is absolutely loving them and find them super comfortable. The laces are easy-to-tie, the shoes are lightweight and also well-padded for extra comfort. The design is simple but stylish. Under Armour products are always made to a very high quality and they are durable. I highly recommend this product. My son is happy with them.",positive,0.9972844123840332,en
åŒã˜ã‚·ãƒªãƒ¼ã‚ºã‚’ä½¿ã£ã¦ã„ãŸã®ã§ã€å±¥ãå¿ƒåœ°ã¯ã€æ¦‚ã­æœŸå¾…é€šã‚Šã§ã—ãŸã€‚,neutral,0.5843397378921509,ja
